Gap_ID,Variable,Season,Duration_days,Repeat,Start_date,End_date,Method,Selection_strategy,Peak_date,Peak_observed,N_expected,N_valid,NSE,MAE,RMSE,Status
G0002,Q_Afluente,Wet,15,1,2000-01-25,2000-02-08,Mean,wet_flow_peak,2000-02-01,4393.0,15,15,-1.7979758341265581,1427.6318772062536,1780.9277092864659,ok
G0002,Q_Afluente,Wet,15,1,2000-01-25,2000-02-08,Linear,wet_flow_peak,2000-02-01,4393.0,15,15,0.16212356049368526,821.2583333333333,974.5728327067199,ok
G0002,Q_Afluente,Wet,15,1,2000-01-25,2000-02-08,KNN,wet_flow_peak,2000-02-01,4393.0,15,15,0.4596135926963909,620.1465333333332,782.6660933046736,ok
G0002,Q_Afluente,Wet,15,1,2000-01-25,2000-02-08,Historical,wet_flow_peak,2000-02-01,4393.0,15,15,-0.5355091277594755,1014.8642539682536,1319.3211137436747,ok
G0005,Q_40032000,Dry,15,1,2001-05-03,2001-05-17,Mean,random,,,15,15,-44.662558958843356,8.289209566313666,8.381494054098482,ok
G0005,Q_40032000,Dry,15,1,2001-05-03,2001-05-17,Linear,random,,,15,15,-0.6307378333414602,1.4166324999999995,1.5839205439286295,ok
G0005,Q_40032000,Dry,15,1,2001-05-03,2001-05-17,KNN,random,,,15,15,-0.271477744977358,0.9444226666666672,1.3986070071705872,ok
G0005,Q_40032000,Dry,15,1,2001-05-03,2001-05-17,Historical,random,,,15,15,-29.023494480974747,6.682149206349208,6.796290558866325,ok
G0013,Q_40032000,Dry,30,1,2002-05-22,2002-06-20,Mean,random,,,30,30,-31.58399104173497,5.480829566313668,5.566919384387289,ok
G0013,Q_40032000,Dry,30,1,2002-05-22,2002-06-20,Linear,random,,,30,30,0.7632132789286833,0.38129795698924757,0.4745603670200839,ok
G0013,Q_40032000,Dry,30,1,2002-05-22,2002-06-20,KNN,random,,,30,30,0.03201241098217367,0.7458506666666668,0.9595059848206611,ok
G0013,Q_40032000,Dry,30,1,2002-05-22,2002-06-20,Historical,random,,,30,30,-1.492622292947174,1.4087581915462806,1.5397174466944576,ok
G0015,Q_Afluente,Dry,30,1,2002-08-28,2002-09-26,Mean,random,,,30,30,-20.333423735311467,385.9084561270802,395.28407610820847,ok
G0015,Q_Afluente,Dry,30,1,2002-08-28,2002-09-26,Linear,random,,,30,30,0.3348498397881441,38.972107526881715,69.79734283693595,ok
G0015,Q_Afluente,Dry,30,1,2002-08-28,2002-09-26,KNN,random,,,30,30,0.37874031148801346,46.6648,67.4552298975649,ok
G0015,Q_Afluente,Dry,30,1,2002-08-28,2002-09-26,Historical,random,,,30,30,-0.0017293942998162226,60.07739153439153,85.65530154257505,ok
G0020,Q_40032000,Wet,30,1,2003-01-15,2003-02-13,Mean,wet_flow_peak,2003-01-30,203.43,30,30,-0.5551033399298471,29.472933767019658,49.33056333948116,ok
G0020,Q_40032000,Wet,30,1,2003-01-15,2003-02-13,Linear,wet_flow_peak,2003-01-30,203.43,30,30,-0.4227172360700573,26.3320511827957,47.18410747393159,ok
G0020,Q_40032000,Wet,30,1,2003-01-15,2003-02-13,KNN,wet_flow_peak,2003-01-30,203.43,30,30,0.34815525239406653,15.005346,31.93806005316645,ok
G0020,Q_40032000,Wet,30,1,2003-01-15,2003-02-13,Historical,wet_flow_peak,2003-01-30,203.43,30,30,-0.16356132815548086,23.04244585185185,42.67082968468617,ok
G0028,Q_40032000,Dry,7,1,2004-05-23,2004-05-29,Mean,random,,,7,7,-7.4143001616651265,1.5080209098768083,1.6065020407938038,ok
G0028,Q_40032000,Dry,7,1,2004-05-23,2004-05-29,Linear,random,,,7,7,-0.9051807289284246,0.7432428571428572,0.7644346622551484,ok
G0028,Q_40032000,Dry,7,1,2004-05-23,2004-05-29,KNN,random,,,7,7,-14.397631129598633,1.5505228571428566,2.1731977014660075,ok
G0028,Q_40032000,Dry,7,1,2004-05-23,2004-05-29,Historical,random,,,7,7,-73.37368847099653,4.743975714285713,4.776193810994443,ok
G0038,Q_Afluente,Wet,7,1,2005-12-12,2005-12-18,Mean,wet_flow_peak,2005-12-15,4263.78,7,7,-8.172419200532362,2158.8485438729194,2287.119226090685,ok
G0038,Q_Afluente,Wet,7,1,2005-12-12,2005-12-18,Linear,wet_flow_peak,2005-12-15,4263.78,7,7,-0.8788815498041278,725.2542857142856,1035.1339631674145,ok
G0038,Q_Afluente,Wet,7,1,2005-12-12,2005-12-18,KNN,wet_flow_peak,2005-12-15,4263.78,7,7,-0.00762145946033832,576.4851428571429,758.0460016738524,ok
G0038,Q_Afluente,Wet,7,1,2005-12-12,2005-12-18,Historical,wet_flow_peak,2005-12-15,4263.78,7,7,-5.299634527287961,1738.4804761904763,1895.4159662371985,ok
G0077,Q_Afluente,Wet,30,1,2011-12-25,2012-01-23,Mean,wet_flow_peak,2012-01-08,4696.19,30,30,-7.381693139359978,2283.20354387292,2432.946251436488,ok
G0077,Q_Afluente,Wet,30,1,2011-12-25,2012-01-23,Linear,wet_flow_peak,2012-01-08,4696.19,30,30,-0.7974613171415379,893.3332150537636,1126.6691752868776,ok
G0077,Q_Afluente,Wet,30,1,2011-12-25,2012-01-23,KNN,wet_flow_peak,2012-01-08,4696.19,30,30,0.3913925619183598,492.54786666666666,655.5944435062478,ok
G0077,Q_Afluente,Wet,30,1,2011-12-25,2012-01-23,Historical,wet_flow_peak,2012-01-08,4696.19,30,30,-4.397842883222373,1762.3269841269841,1952.4357706739322,ok
G0082,Q_Afluente,Dry,7,1,2013-05-08,2013-05-14,Mean,random,,,7,7,-310.4673016988177,274.0371704127945,274.47814577234834,ok
G0082,Q_Afluente,Dry,7,1,2013-05-08,2013-05-14,Linear,random,,,7,7,0.5044420678777983,9.975714285714295,10.9483521264944,ok
G0082,Q_Afluente,Dry,7,1,2013-05-08,2013-05-14,KNN,random,,,7,7,-5.652655574002379,28.122000000000007,40.114285456857964,ok
G0082,Q_Afluente,Dry,7,1,2013-05-08,2013-05-14,Historical,random,,,7,7,-33.61619693354618,90.17285714285718,91.50423981478475,ok
G0107,Q_Afluente,Dry,15,1,2017-07-24,2017-08-07,Mean,random,,,15,15,-1362.5343066922064,478.5774561270803,478.753044248355,ok
G0107,Q_Afluente,Dry,15,1,2017-07-24,2017-08-07,Linear,random,,,15,15,-0.5427893462328137,11.199333333333334,16.103928344506503,ok
G0107,Q_Afluente,Dry,15,1,2017-07-24,2017-08-07,KNN,random,,,15,15,-0.9185530132972222,12.797733333333333,17.95830800493187,ok
G0107,Q_Afluente,Dry,15,1,2017-07-24,2017-08-07,Historical,random,,,15,15,-109.13016263607165,135.4412380952381,136.06037204407085,ok
G0113,Q_40032000,Wet,15,1,2019-02-22,2019-03-08,Mean,wet_flow_peak,2019-03-01,172.796,15,15,-1.06757958060826,46.55879043368633,64.79368453100356,ok
G0113,Q_40032000,Wet,15,1,2019-02-22,2019-03-08,Linear,wet_flow_peak,2019-03-01,172.796,15,15,-0.09548131574084628,29.45650666666667,47.16328504518703,ok
G0113,Q_40032000,Wet,15,1,2019-02-22,2019-03-08,KNN,wet_flow_peak,2019-03-01,172.796,15,15,-0.35130188477071633,34.435538666666666,52.38147833163627,ok
G0113,Q_40032000,Wet,15,1,2019-02-22,2019-03-08,Historical,wet_flow_peak,2019-03-01,172.796,15,15,-0.603692173785922,37.76372878504673,57.063980780992274,ok
G0117,Q_40032000,Wet,7,1,2019-12-07,2019-12-13,Mean,wet_flow_peak,2019-12-10,160.256,7,7,-1.6037765253300131,76.59092090987681,97.59042713751487,ok
G0117,Q_40032000,Wet,7,1,2019-12-07,2019-12-13,Linear,wet_flow_peak,2019-12-10,160.256,7,7,-0.2694125317234528,54.64015714285715,68.14072592120087,ok
G0117,Q_40032000,Wet,7,1,2019-12-07,2019-12-13,KNN,wet_flow_peak,2019-12-10,160.256,7,7,-1.583685748557551,75.13520857142858,97.21319348008362,ok
G0117,Q_40032000,Wet,7,1,2019-12-07,2019-12-13,Historical,wet_flow_peak,2019-12-10,160.256,7,7,-1.3010477254974,68.98457278911566,91.74199466959712,ok
