Variable,Season,Method,N_gaps,N_expected,N_valid,NSE,MAE,RMSE,Status
Q_40032000,Dry,Mean,3,52,52,-2.900987835147965,5.756138016408706,6.204101192109902,ok
Q_40032000,Dry,Linear,3,52,52,0.9055144304950185,0.7286755040322581,0.9655489975872891,ok
Q_40032000,Dry,KNN,3,52,52,0.8245491901065592,0.9114523076923079,1.3157375322959768,ok
Q_40032000,Dry,Historical,3,52,52,-0.8001999172449015,3.378900266185125,4.2145571126909545,ok
Q_40032000,Wet,Mean,3,52,52,-0.7421340544572657,40.74435222855813,62.42621767865141,ok
Q_40032000,Wet,Linear,3,52,52,-0.14045311475558364,31.04404299007444,50.50855629925617,ok
Q_40032000,Wet,KNN,3,52,52,-0.18561607610226338,28.704613846153844,51.498938448371916,ok
Q_40032000,Wet,Historical,3,52,52,-0.39601171010614933,33.473486862597426,55.88184905874753,ok
Q_Afluente,Dry,Mean,3,52,52,-18.970968839754775,397.5803022809263,407.92438856653877,ok
Q_Afluente,Dry,Linear,3,52,52,0.6517703261675869,27.057369727047142,53.865784868643345,ok
Q_Afluente,Dry,KNN,3,52,52,0.6477805721427927,34.399307692307694,54.17348288600245,ok
Q_Afluente,Dry,Historical,3,52,52,-0.28417881353869756,85.86827533577532,103.44103433753749,ok
Q_Afluente,Wet,Mean,3,52,52,-4.271371312034411,2019.6639284883045,2243.661057536091,ok
Q_Afluente,Wet,Linear,3,52,52,-0.20480510587935297,849.9163740694787,1072.639647192465,ok
Q_Afluente,Wet,KNN,3,52,52,0.4743092670728779,540.6544230769231,708.5338548368194,ok
Q_Afluente,Wet,Historical,3,52,52,-2.3351239891578555,1543.5026282051283,1784.6433492611636,ok
